{"columns":["Accuracy","Sensitivity","Specificity","F1","G-mean"],"index":[0,1,2,3,4,5,6,7,8,9,10,11,12,13,14,15,16,17,18,19,20,21,22,23,24,25,26,27,28,29,30,31,32,33,34,35,36,37,38,39,40,41,42,43,44,45,46,47,48,49,50,51,52,53,54,55,56,57,58,59,60,61,62,63,64,65,66,67,68,69,70,71,72,73,74,75,76,77,78,79,80,81,82,83,84,85,86,87,88,89,90,91,92,93,94,95,96,97,98,99,100,101,102,103,104,105,106,107,108,109,110,111,112,113,114,115,116,117,118,119,120,121,122,123,124,125,126,127,128,129,130,131,132,133,134,135,136,137,138,139,140,141,142,143,144,145,146,147,148,149,150,151,152,153,154,155,156,157,158],"data":[[0.9788888889,0.7888888889,1.0,0.8792792793,0.8868018241],[0.7983333333,0.2388888889,0.8604938272,0.1915048076,0.453325475],[0.8383333333,0.1833333333,0.9111111111,0.1848739496,0.4050394831],[0.3472222222,0.5444444444,0.325308642,0.1428784376,0.4204930606],[0.7855555556,0.0611111111,0.8660493827,0.0525723292,0.2187541692],[0.5766666667,0.0833333333,0.6314814815,0.037937491,0.2273897409],[0.3577777778,0.7055555556,0.3191358025,0.1800304704,0.4741155399],[0.7122222222,0.4722222222,0.7388888889,0.247165014,0.5904394383],[0.6988888889,0.4166666667,0.7302469136,0.2162487709,0.5506010821],[0.9788888889,0.7888888889,1.0,0.8792792793,0.8868018241],[0.7972222222,0.2388888889,0.8592592593,0.19066961,0.4530039776],[0.8277777778,0.1666666667,0.9012345679,0.1625466216,0.3866296874],[0.3316666667,0.5722222222,0.3049382716,0.1461326903,0.4174328812],[0.7955555556,0.05,0.8783950617,0.0458685213,0.2014598381],[0.5766666667,0.1222222222,0.6271604938,0.0546180265,0.2767515979],[0.3577777778,0.7,0.3197530864,0.1788749835,0.4727481348],[0.7116666667,0.4444444444,0.7413580247,0.2354843927,0.5734839938],[0.7005555556,0.4111111111,0.7327160494,0.2150079697,0.5480704895],[0.9788888889,0.7888888889,1.0,0.8792792793,0.8868018241],[0.7872222222,0.2111111111,0.8512345679,0.165870021,0.4238771542],[0.8377777778,0.1166666667,0.9179012346,0.1262094631,0.3255293098],[0.3505555556,0.5666666667,0.3265432099,0.1485519656,0.4300470551],[0.7794444444,0.0611111111,0.8592592593,0.0523336313,0.2285807573],[0.5472222222,0.0944444444,0.5975308642,0.0399315178,0.2366267056],[0.355,0.7,0.3166666667,0.1782785322,0.4705538111],[0.6977777778,0.4333333333,0.7271604938,0.2228091413,0.5606250173],[0.6788888889,0.5444444444,0.6938271605,0.2532175032,0.614591819],[0.9788888889,0.7888888889,1.0,0.8792792793,0.8868018241],[0.7833333333,0.2555555556,0.8419753086,0.1908385093,0.4636488107],[0.8,0.1777777778,0.8691358025,0.1526308918,0.3881179743],[0.4494444444,0.55,0.4382716049,0.1665302497,0.4909638952],[0.7805555556,0.0666666667,0.8598765432,0.0572798904,0.2394265819],[0.5561111111,0.0722222222,0.6098765432,0.0314834508,0.2095312594],[0.3561111111,0.7055555556,0.3172839506,0.1796820409,0.4728141707],[0.7027777778,0.4444444444,0.7314814815,0.2305558693,0.56979951],[0.7061111111,0.4222222222,0.737654321,0.2228995879,0.5575137012],[0.9772222222,0.7722222222,1.0,0.8669081453,0.8763967191],[0.7611111111,0.2388888889,0.8191358025,0.1667233367,0.4423153397],[0.7416666667,0.1388888889,0.8086419753,0.096909629,0.3345142026],[0.4,0.5722222222,0.3808641975,0.1601994395,0.4668390292],[0.7077777778,0.0444444444,0.7814814815,0.02946593,0.15234788],[0.6222222222,0.0722222222,0.6833333333,0.0364417004,0.2170768611],[0.3522222222,0.7055555556,0.312962963,0.1787529551,0.4694792727],[0.6977777778,0.5333333333,0.7160493827,0.2607086198,0.6174205749],[0.6477777778,0.35,0.6808641975,0.1658039216,0.4881598367],[0.9738888889,0.8666666667,0.9953333333,0.9171075838,0.928772233],[0.5972222222,0.4633333333,0.624,0.277503971,0.5376868238],[0.8061111111,0.2766666667,0.912,0.3184452632,0.4984968454],[0.3627777778,0.09,0.4173333333,0.0451243346,0.1935176728],[0.6488888889,0.0833333333,0.762,0.0734898038,0.2493018086],[0.7288888889,0.1566666667,0.8433333333,0.1623764527,0.3627395441],[0.8461111111,0.5166666667,0.912,0.5275579323,0.6860094524],[0.4294444444,0.24,0.4673333333,0.1228725837,0.3343248469],[0.6888888889,0.0833333333,0.81,0.0818214508,0.2593185449],[0.9705555556,0.84,0.9966666667,0.904870646,0.914985929],[0.5616666667,0.48,0.578,0.2677277829,0.5266698177],[0.8255555556,0.28,0.9346666667,0.3457232423,0.5088989598],[0.3688888889,0.1033333333,0.422,0.0518221543,0.2088213519],[0.6433333333,0.07,0.758,0.0614824746,0.229150249],[0.7344444444,0.1933333333,0.8426666667,0.1964137645,0.4012975258],[0.8538888889,0.5266666667,0.9193333333,0.5446817906,0.6950268766],[0.435,0.2333333333,0.4753333333,0.1210085744,0.3325871378],[0.6944444444,0.08,0.8173333333,0.0802680067,0.2557081244],[0.9561111111,0.83,0.9813333333,0.8630333939,0.9024708788],[0.5777777778,0.4433333333,0.6046666667,0.2597925536,0.5174321809],[0.7911111111,0.3366666667,0.882,0.3475500345,0.5430309173],[0.3861111111,0.1633333333,0.4306666667,0.0814837501,0.2652150968],[0.66,0.0933333333,0.7733333333,0.0842105263,0.2665207332],[0.7155555556,0.1433333333,0.83,0.145424667,0.3432578044],[0.8894444444,0.5566666667,0.956,0.6254812779,0.7287302599],[0.4222222222,0.2366666667,0.4593333333,0.1199470285,0.3290378495],[0.66,0.0766666667,0.7766666667,0.0698549016,0.2438648701],[0.9716666667,0.8533333333,0.9953333333,0.9092521093,0.9215196439],[0.6877777778,0.4066666667,0.744,0.3027612865,0.549883926],[0.7016666667,0.1733333333,0.8073333333,0.1614635856,0.3723319804],[0.355,0.0666666667,0.4126666667,0.0333168749,0.165517938],[0.635,0.0566666667,0.7506666667,0.0491670464,0.2060400755],[0.6938888889,0.1633333333,0.8,0.1526725427,0.3602513495],[0.8155555556,0.3833333333,0.902,0.4088617413,0.5876746558],[0.4283333333,0.2733333333,0.4593333333,0.1374483362,0.3540373979],[0.7083333333,0.0633333333,0.8373333333,0.0674007341,0.229585721],[0.9505555556,0.82,0.9766666667,0.8470647518,0.8949064455],[0.6366666667,0.2966666667,0.7046666667,0.2153526186,0.4571577078],[0.7305555556,0.1466666667,0.8473333333,0.1529931296,0.351331252],[0.4288888889,0.1433333333,0.486,0.0771113359,0.2623729256],[0.6538888889,0.0466666667,0.7753333333,0.0429841405,0.1899516427],[0.7144444444,0.25,0.8073333333,0.2276344312,0.448229236],[0.7822222222,0.2466666667,0.8893333333,0.2738095238,0.4679964405],[0.4583333333,0.1633333333,0.5173333333,0.0912915749,0.2905196935],[0.68,0.1166666667,0.7926666667,0.108315771,0.303996506],[0.9222222222,0.85,0.9442028986,0.8360513961,0.8958534687],[0.7127777778,0.1380952381,0.8876811594,0.183971941,0.3496355649],[0.5961111111,0.0333333333,0.7673913043,0.0370581167,0.1558738311],[0.3133333333,0.4357142857,0.2760869565,0.2285080227,0.346807386],[0.525,0.0571428571,0.6673913043,0.053174681,0.1952777185],[0.55,0.1761904762,0.6637681159,0.1544935617,0.3419133634],[0.2088888889,0.5119047619,0.1166666667,0.2319309601,0.2443807165],[0.5233333333,0.3880952381,0.5644927536,0.2749983495,0.4673254072],[0.5161111111,0.2619047619,0.5934782609,0.2015963834,0.3924832945],[0.9044444444,0.8714285714,0.9144927536,0.8096366684,0.8926462207],[0.7122222222,0.1476190476,0.884057971,0.1935837517,0.3602358469],[0.5783333333,0.0261904762,0.7463768116,0.0281953041,0.1333290082],[0.3155555556,0.4285714286,0.2811594203,0.2262059005,0.3471089914],[0.4966666667,0.0285714286,0.6391304348,0.0258487493,0.1332948775],[0.5294444444,0.1976190476,0.6304347826,0.1638730396,0.3529084276],[0.3383333333,0.3523809524,0.334057971,0.1989930969,0.3428940274],[0.5266666667,0.3785714286,0.5717391304,0.2716442589,0.4646316608],[0.4905555556,0.2714285714,0.5572463768,0.1989478059,0.3874476082],[0.9022222222,0.7928571429,0.9355072464,0.7908451546,0.8611570508],[0.7116666667,0.1761904762,0.8746376812,0.2220759972,0.3925574103],[0.5672222222,0.019047619,0.734057971,0.0202020202,0.0968802524],[0.3311111111,0.469047619,0.2891304348,0.2465902584,0.3682194983],[0.5155555556,0.0214285714,0.665942029,0.0202249229,0.1194577436],[0.5511111111,0.1976190476,0.6586956522,0.1704818344,0.3607007508],[0.1894444444,0.3928571429,0.1275362319,0.1844400746,0.2237442597],[0.5316666667,0.3857142857,0.5760869565,0.2771934605,0.4705071085],[0.5066666667,